{"cameraMode":{"drawMode":0,"name":"Shaded","section":"Shading Mode"},"sceneLighting":true,"audioPlay":false,"sceneViewState":{"m_AlwaysRefresh":false,"showFog":true,"showSkybox":true,"showFlares":true,"showImageEffects":true,"showParticleSystems":true,"showVisualEffectGraphs":true,"m_FxEnabled":false},"in2DMode":false,"pivot":{"x":33.173004150390628,"y":-0.9763228893280029,"z":-0.7409775257110596},"rotation":{"x":0.002375352894887328,"y":0.9667863249778748,"z":-0.2554371654987335,"w":0.008992074057459832},"size":19.79537582397461,"orthographic":false}