{"cameraMode":{"drawMode":0,"name":"Shaded","section":"Shading Mode"},"sceneLighting":true,"audioPlay":false,"sceneViewState":{"m_AlwaysRefresh":false,"showFog":true,"showSkybox":true,"showFlares":true,"showImageEffects":true,"showParticleSystems":true,"showVisualEffectGraphs":true,"m_FxEnabled":false},"in2DMode":false,"pivot":{"x":-1.156480312347412,"y":0.7389154434204102,"z":3.9506330490112306},"rotation":{"x":-0.14375974237918855,"y":-0.026125269010663034,"z":0.0037966046947985889,"w":-0.9892637729644775},"size":7.272990703582764,"orthographic":false}